{
    "accuracy": 83.15,
    "confusion_matrix": [
        [
            656,
            1,
            77,
            7
        ],
        [
            12,
            894,
            59,
            50
        ],
        [
            33,
            17,
            225,
            0
        ],
        [
            153,
            10,
            0,
            293
        ]
    ],
    "classification_report": {
        "Cyst": {
            "precision": 0.7681498829039812,
            "recall": 0.8852901484480432,
            "f1-score": 0.8225705329153605,
            "support": 741.0
        },
        "Normal": {
            "precision": 0.9696312364425163,
            "recall": 0.8807881773399014,
            "f1-score": 0.9230769230769231,
            "support": 1015.0
        },
        "Stone": {
            "precision": 0.6232686980609419,
            "recall": 0.8181818181818182,
            "f1-score": 0.7075471698113207,
            "support": 275.0
        },
        "Tumor": {
            "precision": 0.8371428571428572,
            "recall": 0.6425438596491229,
            "f1-score": 0.7270471464019851,
            "support": 456.0
        },
        "accuracy": 0.8315239244069159,
        "macro avg": {
            "precision": 0.7995481686375742,
            "recall": 0.8067010009047214,
            "f1-score": 0.7950604430513973,
            "support": 2487.0
        },
        "weighted avg": {
            "precision": 0.8470087668053502,
            "recall": 0.8315239244069159,
            "f1-score": 0.8333561770288612,
            "support": 2487.0
        }
    },
    "class_labels": [
        "Cyst",
        "Normal",
        "Stone",
        "Tumor"
    ]
}